Employee ID, First Name, Last Name, Username, Password, Secret Question, Secret Password, Role, Status, Previous Table
1,Ashwin,Venkita,lordashvictor,password,What was your first pet?,password,Admin,Active,None
2,Tim,Burton,Burty,password,What was your first pet?,password,Admin,Active,None
3,Victor,McVictor,test,test,Where is your favourite place to eat food?,KFC,Admin,Active,None
4,Bruce,Wayne,batman,a,What was your first movie you watched?,a,User,Active,None
5,Lex,Luthor,Lexy,test,What city did your parents meet?,Gotham,User,Active,None
6,Clark,Kent,superman,a,What city did your parents meet?,a,User,Active,None
7,Barry,Allen,flash,speed,What was your first job?,speed,User,Active,None
8,q,q,q,q,What was your first job?,q,User,Active,None
9,w,w,w,w,What was your first job?,w,User,Active,None
10,e,e,e,e,What was your first job?,e,User,Active,None
11,a,a,a,a,What was your first job?,a,User,Active,Table3
12,s,s,s,s,What city did your parents meet?,s,User,Active,None
13,d,d,d,d,What city did your parents meet?,d,User,Active,None
14,z,z,z,z,What city did your parents meet?,z,User,Active,None
15,x,x,x,x,What was your first job?,x,User,Active,None
16,c,c,c,c,What was your first pet?,c,User,Active,None
